nombre,categoria,sub_categoria,calificacion,precio_descuento,precio_actual,genero,supermarket,edad,imagen_url,link,marca
"Televisor BLACKLINE LED 55"" UHD 4K Smart Tv BL-TV55UEG5F4PE",Televisores,,,,"S/1,099.00",,promart,,https://promart.vteximg.com.br/arquivos/ids/8086055-275-275/image-1e1ff056bb9c44a48ef0e9b90d0adbc2.jpg?v=638574541878170000,https://www.promart.pe/televisor-blackline-led-55--uhd-4k-smart-tv-bl-tv55ueg5f4pe-1000701686/p,blackline
"Televisor BLACKLINE LED 50"" UHD 4K Smart Tv BL-TV50UEG5F4PE",Televisores,,,,S/949.00,,promart,,https://promart.vteximg.com.br/arquivos/ids/8086056-275-275/image-0949d70a55424bd698269ca967dc75ea.jpg?v=638574541878170000 ,https://www.promart.pe/televisor-blackline-led-50--uhd-4k-smart-tv-bl-tv50ueg5f4pe-1000701685/p,blackline
"Televisor HYUNDAI LED 43"" FHD Smart TV HYLED4322GiM",Televisores,,,,S/749.00,,promart,,https://promart.vteximg.com.br/arquivos/ids/7762692-275-275/image-532c82e14d55401b831cb72d6ea62b42.jpg?v=638403531514130000 ,https://www.promart.pe/televisor-hyundai-led-43--fhd-smart-tv-hyled4322gim-1000508103/p,hyundai
"Televisor TCL LED 43"" UHD 4K Smart Tv 43P635",Televisores,,,,S/799.00,,promart,,https://promart.vteximg.com.br/arquivos/ids/7679834-275-275/image-ec1fce3bde4e4a188f897be0a7bb4b12.jpg?v=638367953920600000 ,https://www.promart.pe/televisor-tcl-led-43--uhd-4k-smart-tv-43p635-1000489724/p,tcl
"Televisor HYUNDAI LED 50"" UHD 4K Smart Tv  HYLED5020G4KM",Televisores,,,,"S/1,049.00",,promart,,https://promart.vteximg.com.br/arquivos/ids/6968185-275-275/image-189bbf214079449eaae30097e79f034f.jpg?v=638186594998030000 ,https://www.promart.pe/televisor-hyundai-led-50--uhd-4k-smart-tv--hyled5020g4km-1000385243/p,hyundai
"Televisor Hyundai Led 32"" HYLED3256WiM HD Smart TV",Televisores,,,,S/459.00,,promart,,https://promart.vteximg.com.br/arquivos/ids/8079025-275-275/image-b1b8707d222f47c18d73de38ffd2ffd7.jpg?v=638568211067770000 ,https://www.promart.pe/televisor-hyundai-led-32--hyled3256wim-hd-smart-tv-1000699864/p,hyundai
"Televisor LG LED 75"" UHD 4K ThinQ AI UR8750",Televisores,,,,"S/2,899.00",,promart,,https://promart.vteximg.com.br/arquivos/ids/8024847-275-275/image-d3cb17fbe4674c9bbffe0e945db2fc9b.jpg?v=638544235504170000 ,https://www.promart.pe/televisor-lg-led-75--uhd-4k-thinq-ai-ur8750-1000561618/p,lg
"Televisor Samsung 50"" UN50DU7000GXPE Crystal 4K UHD DU7000 Tizen OS Smart TV Black",Televisores,,,,"S/1,399.00",,promart,,https://promart.vteximg.com.br/arquivos/ids/8132991-275-275/image-206ab42ee5d6479986f7ac035e74897d.jpg?v=638622031297870000 ,https://www.promart.pe/televisor-samsung-50--un50du7000gxpe-crystal-4k-uhd-du7000-tizen-os-smart-tv-black-1000710758/p,samsung
"Televisor Hisense 85"" 85Q6N 4K UHD QLED  Google Tv",Televisores,,,,"S/3,699.00",,promart,,https://promart.vteximg.com.br/arquivos/ids/8079022-275-275/image-9c4de8004d544887820a5a936257e910.jpg?v=638568210857030000 ,https://www.promart.pe/televisor-hisense-85--85q6n-4k-uhd-qled--google-tv-1000699863/p,hisense
"Televisor Hisense 65A6NA 65"" UHD 4K Google TV",Televisores,,,,"S/1,599.00",,promart,,https://promart.vteximg.com.br/arquivos/ids/8057794-275-275/image-30bc394e42f34452bc490cdc4d8f01c6.jpg?v=638562531563030000 ,https://www.promart.pe/televisor-hisense-65a6na-65--uhd-4k-google-tv-1000696382/p,hisense
"Televisor BLACKLINE LED  75"" UHD 4K Smart Tv BL-TV75UHG5F3PE",Televisores,,,,"S/2,099.00",,promart,,https://promart.vteximg.com.br/arquivos/ids/7772447-275-275/20358021.jpg?v=638409341191530000 ,https://www.promart.pe/televisor-blackline-led--75--uhd-4k-smart-tv-bl-tv75uhg5f3pe-1000489733/p,blackline
"Televisor TCL LED 32"" FHD Smart Tv 32S5400AF",Televisores,,,,S/499.00,,promart,,https://promart.vteximg.com.br/arquivos/ids/7914044-275-275/20377855.jpg?v=638476631597230000 ,https://www.promart.pe/televisor-tcl-led-32--fhd-smart-tv-32s5400af-1000489729/p,tcl
"Televisor LG LED 55"" UHD 4K ThinQ AI 55UR8750PSA (2023)",Televisores,,,,"S/1,399.00",,promart,,https://promart.vteximg.com.br/arquivos/ids/7020851-275-275/image-32a9d1a9398d45c88b0affec4a170c1d.jpg?v=638198774768230000 ,https://www.promart.pe/televisor-lg-led-55--uhd-4k-thinq-ai-55ur8750psa--2023--1000392161/p,lg
"Televisor HYUNDAI LED 32"" HD Smart Tv  HYLED3254GIM",Televisores,,,,S/479.00,,promart,,https://promart.vteximg.com.br/arquivos/ids/6968176-275-275/image-70ec619fa9684d0ca71bc76f61fe89bf.jpg?v=638186594744330000 ,https://www.promart.pe/televisor-hyundai-led-32--hd-smart-tv--hyled3254gim-1000385242/p,hyundai
"Televisor BLACKLINE LED 32"" HD Smart TV 32D2090",Televisores,,,,S/449.00,,promart,,https://promart.vteximg.com.br/arquivos/ids/6590778-275-275/1000317276.jpg?v=638030265524930000 ,https://www.promart.pe/televisor-blackline-led-32--hd-smart-tv-32d2090-1000299162/p,blackline
"Televisor Samsung QLED 55"" Tizen OS Smart Tv 4K 55Q70D",Televisores,,,,"S/2,399.00",,promart,,https://promart.vteximg.com.br/arquivos/ids/8170333-275-275/image-b134577dac274ba3bafcd1f1657f9d5d.jpg?v=638629807290230000 ,https://www.promart.pe/televisor-samsung-qled-55--tizen-os-smart-tv-4k-55q70d-1000715445/p,samsung
Televisor Samsung Neo Qled 65 4k 65QN85D Tizen Os Smart Tv,Televisores,,,,"S/4,599.00",,promart,,https://promart.vteximg.com.br/arquivos/ids/8170322-275-275/image-a5a5d56d49e647d9be7713cb78ce4994.jpg?v=638629807284700000 ,https://www.promart.pe/televisor-samsung-neo-qled-65---4k-65qn85d-tizen-os-smart-tv-1000715444/p,samsung
Televisor Samsung Neo Qed 55 4K 55QN85D Tizen Os Smart Tv,Televisores,,,,"S/3,789.00",,promart,,https://promart.vteximg.com.br/arquivos/ids/8170313-275-275/image-2ac4c952afcb4a078f6e1f07dc232bdb.jpg?v=638629807280000000 ,https://www.promart.pe/televisor-samsung-neo-qed-55---4k-55qn85d-tizen-os-smart-tv-1000715443/p,samsung
Televisor LG NanoCell 65 UHD 4K ThinQ AI 65NANO77SR + Soundbar HW-C400,Televisores,,,,"S/2,799.00",,promart,,https://promart.vteximg.com.br/arquivos/ids/8170308-275-275/image-de76d45d96984b68b9224b317f9295ee.jpg?v=638629807275300000 ,https://www.promart.pe/televisor-lg-nanocell-65-uhd-4k-thinq-ai-65nano77sr---soundbar-hw-c400-1000715442/p,lg
Televisor LG NanoCell 65 UHD 4K ThinQ AI 65NANO77SR,Televisores,,,,"S/2,499.00",,promart,,https://promart.vteximg.com.br/arquivos/ids/8170303-275-275/image-e90c52901b234ec79b400a6feeb790db.jpg?v=638629807271230000 ,https://www.promart.pe/televisor-lg-nanocell-65-uhd-4k-thinq-ai-65nano77sr-1000715441/p,lg
Televisor LG NanoCell 65 UHD 4K ThinQ AI 65NANO77SR + Rack Giratorio,Televisores,,,,"S/2,699.00",,promart,,https://promart.vteximg.com.br/arquivos/ids/8170295-275-275/image-15bd918474734a07a40b40be23439646.jpg?v=638629807265700000 ,https://www.promart.pe/televisor-lg-nanocell-65-uhd-4k-thinq-ai-65nano77sr---rack-giratorio-1000715440/p,lg
Televisor Samsung QLED 75 Tizen OS Smart Tv 4K 75Q70D + Soundbar HW C400,Televisores,,,,"S/4,899.00",,promart,,https://promart.vteximg.com.br/arquivos/ids/8170280-275-275/image-33228eebade04131baf4e9f2a9fbc893.jpg?v=638629807259970000 ,https://www.promart.pe/televisor-samsung-qled-75-tizen-os-smart-tv-4k-75q70d---soundbar-hw-c400-1000715439/p,samsung
"Televisor Samsung QLED 75"" Tizen OS Smart Tv 4K 75Q70D",Televisores,,,,"S/4,699.00",,promart,,https://promart.vteximg.com.br/arquivos/ids/8170279-275-275/image-8e6b8591610744ecab2a1ab28be55c3d.jpg?v=638629807257000000 ,https://www.promart.pe/televisor-samsung-qled-75--tizen-os-smart-tv-4k-75q70d-1000715438/p,samsung
Televisor Samsung QLED 75 Tizen OS Smart Tv 4K 75Q70D + Soundbar HW-C450,Televisores,,,,"S/4,999.00",,promart,,https://promart.vteximg.com.br/arquivos/ids/8170268-275-275/image-ecac213c8ac14621ac90a4acd62428f4.jpg?v=638629807250300000 ,https://www.promart.pe/televisor-samsung-qled-75-tizen-os-smart-tv-4k-75q70d---soundbar-hw-c450-1000715437/p,samsung
"Televisor Samsung LED 98"" Crystal UHD 4K Tizen OS Smart TV DU9000",Televisores,,,,"S/8,899.00",,promart,,https://promart.vteximg.com.br/arquivos/ids/8187062-275-275/image.jpg?v=638630434663200000 ,https://www.promart.pe/televisor-samsung-led-98--crystal-uhd-4k-tizen-os-smart-tv-du9000-1000715436/p,samsung
"Televisor 50"" Samsung Crystal UHD DU7000",Televisores,,,,"S/1,499.00",,promart,,https://promart.vteximg.com.br/arquivos/ids/8170255-275-275/image-f62d3b56743344b59260ba22475853a7.jpg?v=638629803536670000 ,https://www.promart.pe/televisor-50--samsung-crystal-uhd-du7000-1000715435/p,samsung
Televisor Samsung QLED 55 Tizen OS Smart Tv 4K 55Q70D + Soundbar HW C400,Televisores,,,,"S/2,649.00",,promart,,https://promart.vteximg.com.br/arquivos/ids/8143352-275-275/image-bc1a71737760479abff7d26cb12c0d25.jpg?v=638628698182830000 ,https://www.promart.pe/televisor-samsung-qled-55-tizen-os-smart-tv-4k-55q70d---soundbar-hw-c400-1000712500/p,samsung
Televisor Samsung QLED 55 Tizen OS Smart Tv 4K 55Q70D + Soundbar HW-C450,Televisores,,,,"S/2,649.00",,promart,,https://promart.vteximg.com.br/arquivos/ids/8143340-275-275/image-94df416f64574e7ca49c853ecaaef0ec.jpg?v=638628691143770000,https://www.promart.pe/televisor-samsung-qled-55-tizen-os-smart-tv-4k-55q70d---soundbar-hw-c450-1000712499/p,samsung
TV 43 UHD THINQ AI UT7300,Televisores,,,"S/1,129.90","S/1,179.90",,sodimac,,"https://www.sodimac.com.pe/cdn-cgi/imagedelivery/4fYuQyy-r8_rpBpcY7lH_A/sodimacPE/4302354_1/width=240,height=240,quality=70,format=webp,fit=pad",https://www.sodimac.com.pe/sodimac-pe/articulo/133322608/TV-43-LG-UHD-THINQ-AI-UT7300/133322609?exp=so_com ,LG
"Televisor LED 50"" HYLED5020G4KM Google TV",Televisores,,,"S/1,009.90","S/1,039.90",,sodimac,,"https://www.sodimac.com.pe/cdn-cgi/imagedelivery/4fYuQyy-r8_rpBpcY7lH_A/sodimacPE/8976686_01/width=240,height=240,quality=70,format=webp,fit=pad",https://www.sodimac.com.pe/sodimac-pe/articulo/118778111/Televisor-Hyundai-LED-50-HYLED5020G4KM-Google-TV/118778113?exp=so_com ,HYUNDAI
"Televisor 65"" UHD DU8000 4K Tizen Titan Gray",Televisores,,,"S/1,849","S/1,899.90",,sodimac,,"https://www.sodimac.com.pe/cdn-cgi/imagedelivery/4fYuQyy-r8_rpBpcY7lH_A/sodimacPE/4280938_1/width=240,height=240,quality=70,format=webp,fit=pad",https://www.sodimac.com.pe/sodimac-pe/articulo/130547477/Televisor-Samsung-65-UHD-DU8000-4K-Tizen-Titan-Gray/130547480?exp=so_com ,SAMSUNG
"Televisor Smart FHD 43"" UN43T5202AGXPE",Televisores,,,S/989.90,"S/1,029.90",,sodimac,,"https://www.sodimac.com.pe/cdn-cgi/imagedelivery/4fYuQyy-r8_rpBpcY7lH_A/sodimacPE/4166086_00/width=240,height=240,quality=70,format=webp,fit=pad",https://www.sodimac.com.pe/sodimac-pe/articulo/117247131/Televisor-Samsung-Smart-FHD-43-UN43T5202AGXPE/117247132?exp=so_com ,SAMSUNG
Televisor Hd 32'' Un32T4202Agxpe,Televisores,,,S/719.90,S/729.90,,sodimac,,"https://www.sodimac.com.pe/cdn-cgi/imagedelivery/4fYuQyy-r8_rpBpcY7lH_A/sodimacPE/4163907_00/width=240,height=240,quality=70,format=webp,fit=pad",https://www.sodimac.com.pe/sodimac-pe/articulo/116917470/Televisor-Samsung-Hd-32''-Un32T4202Agxpe/116917471?exp=so_com ,SAMSUNG
"Televisor LED 40"" HYLED4023GM",Televisores,,,S/669.90,S/679.90,,sodimac,,"https://www.sodimac.com.pe/cdn-cgi/imagedelivery/4fYuQyy-r8_rpBpcY7lH_A/sodimacPE/8976724_01/width=240,height=240,quality=70,format=webp,fit=pad",https://www.sodimac.com.pe/sodimac-pe/articulo/118778106/Televisor-LED-40-HYLED4023GM/118778107?exp=so_com ,HYUNDAI
"Televisor Crystal 50"" DU7000 Negro",Televisores,,,"S/1,399.90","S/1,449.90",,sodimac,,"https://www.sodimac.com.pe/cdn-cgi/imagedelivery/4fYuQyy-r8_rpBpcY7lH_A/sodimacPE/4294033_1/width=240,height=240,quality=70,format=webp,fit=pad",https://www.sodimac.com.pe/sodimac-pe/articulo/132527430/Televisor-Crystal-50-DU7000-Negro/132527431?exp=so_com ,SAMSUNG
"Televisor LED 58"" 4K UHD Google TV HYLED5809G4",Televisores,,,"S/1,249","S/1,399.90",,sodimac,,"https://www.sodimac.com.pe/cdn-cgi/imagedelivery/4fYuQyy-r8_rpBpcY7lH_A/sodimacPE/8976678_01/width=240,height=240,quality=70,format=webp,fit=pad",https://www.sodimac.com.pe/sodimac-pe/articulo/118778118/Televisor-LED-58-4K-UHD-Google-TV-HYLED5809G4/118778119?exp=so_com ,HYUNDAI
"Televisor 55"" UHD DU8000 4K Tizen Titan Gray",Televisores,,,"S/1,499","S/1,599.90",,sodimac,,"https://www.sodimac.com.pe/cdn-cgi/imagedelivery/4fYuQyy-r8_rpBpcY7lH_A/sodimacPE/4280954_1/width=240,height=240,quality=70,format=webp,fit=pad",https://www.sodimac.com.pe/sodimac-pe/articulo/130547472/Televisor-Samsung-55-UHD-DU8000-4K-Tizen-Titan-Gray/130547474?exp=so_com ,SAMSUNG
"Televisor 55"" UHD Google TV 55P635",Televisores,,,"S/1,149.90","S/1,179.90",,sodimac,,"https://www.sodimac.com.pe/cdn-cgi/imagedelivery/4fYuQyy-r8_rpBpcY7lH_A/sodimacPE/4232011_01/width=240,height=240,quality=70,format=webp,fit=pad",https://www.sodimac.com.pe/sodimac-pe/articulo/126630332/Televisor-TCL-55-UHD-Google-TV-55P635/126630333?exp=so_com ,TCL
"Crystal 55"" DU7000 Negro",Televisores,,,"S/1,449","S/1,499.90",,sodimac,,"https://www.sodimac.com.pe/cdn-cgi/imagedelivery/4fYuQyy-r8_rpBpcY7lH_A/sodimacPE/4294041_1/width=240,height=240,quality=70,format=webp,fit=pad",https://www.sodimac.com.pe/sodimac-pe/articulo/132527493/Samsung-Crystal-55-DU7000-Negro/132527494?exp=so_com ,SAMSUNG
"Televisor 55"" UHD Google TV 4K Ultra HD 55P755",Televisores,,,"S/1,299","S/1,369.90",,sodimac,,"https://www.sodimac.com.pe/cdn-cgi/imagedelivery/4fYuQyy-r8_rpBpcY7lH_A/sodimacPE/4295714_1/width=240,height=240,quality=70,format=webp,fit=pad",https://www.sodimac.com.pe/sodimac-pe/articulo/132653344/Televisor-55-UHD-Google-TV-4K-Ultra-HD-55P755/132653345?exp=so_com ,TCL
"Televisor 65"" 65C655 QLED Google TV 4K Ultra HD",Televisores,,,"S/1,929","S/1,969.90",,sodimac,,"https://www.sodimac.com.pe/cdn-cgi/imagedelivery/4fYuQyy-r8_rpBpcY7lH_A/sodimacPE/4272897_1/width=240,height=240,quality=70,format=webp,fit=pad",https://www.sodimac.com.pe/sodimac-pe/articulo/129775780/Televisor-TCL-65-65C655-QLED-Google-TV-4K-Ultra-HD/129775781?exp=so_com ,TCL
"Televisor Smart 4K Borderless 65"" HYLED6508W4KM Gris",Televisores,,,"S/1,399.90","S/1,499.90",,sodimac,,"https://www.sodimac.com.pe/cdn-cgi/imagedelivery/4fYuQyy-r8_rpBpcY7lH_A/sodimacPE/4145097_00/width=240,height=240,quality=70,format=webp,fit=pad",https://www.sodimac.com.pe/sodimac-pe/articulo/115235187/Televisor-Smart-4K-Borderless-65-HYLED6508W4KM-Gris/115235188?exp=so_com ,HYUNDAI
70 QLED Q65D,Televisores,,,"S/2,999.90","S/3,099.90",,sodimac,,"https://www.sodimac.com.pe/cdn-cgi/imagedelivery/4fYuQyy-r8_rpBpcY7lH_A/sodimacPE/4299388_01/width=240,height=240,quality=70,format=webp,fit=pad",https://www.sodimac.com.pe/sodimac-pe/articulo/133013131/Samsung-70-QLED-Q65D/133013132?exp=so_com ,SAMSUNG
"Google TV 50"" QLED 4K 50C655",Televisores,,,"S/1,329","S/1,369.90",,sodimac,,"https://www.sodimac.com.pe/cdn-cgi/imagedelivery/4fYuQyy-r8_rpBpcY7lH_A/sodimacPE/4272870_00/width=240,height=240,quality=70,format=webp,fit=pad",https://www.sodimac.com.pe/sodimac-pe/articulo/129752553/Google-TV-50-QLED-4K-50C655-TCL/129752555?exp=so_com ,TCL
"Televisor 50"" QLED 4K Q60D Tizen Black",Televisores,,,"S/1,549","S/1,649.90",,sodimac,,"https://www.sodimac.com.pe/cdn-cgi/imagedelivery/4fYuQyy-r8_rpBpcY7lH_A/sodimacPE/428092X_1/width=240,height=240,quality=70,format=webp,fit=pad",https://www.sodimac.com.pe/sodimac-pe/articulo/130547467/Televisor-Samsung-50-QLED-4K-Q60D-Tizen-Black/130547469?exp=so_com ,SAMSUNG
Watch Onn TV Fire Stick 4K,Accesorios TV,,,S/129,S/139.90,,sodimac,,"https://www.sodimac.com.pe/cdn-cgi/imagedelivery/4fYuQyy-r8_rpBpcY7lH_A/sodimacPE/4277295_1/width=240,height=240,quality=70,format=webp,fit=pad",https://www.sodimac.com.pe/sodimac-pe/articulo/130124969/Watch-Onn-Google-TV-Fire-Stick-4K/130124970?exp=so_com ,GOOGLE
"Televisor QLED 4K Ultra HD 75"" 75C655 Google TV",Televisores,,,"S/2,799","S/2,899.90",,sodimac,,"https://www.sodimac.com.pe/cdn-cgi/imagedelivery/4fYuQyy-r8_rpBpcY7lH_A/sodimacPE/4278453_12/width=240,height=240,quality=70,format=webp,fit=pad",https://www.sodimac.com.pe/sodimac-pe/articulo/130330901/Televisor-QLED-4K-Ultra-HD-75-75C655-Google-TV/130330902?exp=so_com ,TCL
"Soporte de TV Reclinable 32-70""",Accesorios TV,,,S/59.90,,,sodimac,,"https://www.sodimac.com.pe/cdn-cgi/imagedelivery/4fYuQyy-r8_rpBpcY7lH_A/sodimacPE/8989648_01/width=240,height=240,quality=70,format=webp,fit=pad",https://www.sodimac.com.pe/sodimac-pe/articulo/122109119/Soporte-de-TV-Reclinable-32-70-/122109120?exp=so_com ,DAIRU
Control Magic Remote 2023 MR23GN,Accesorios TV,,,S/119,S/249,,sodimac,,"https://www.sodimac.com.pe/cdn-cgi/imagedelivery/4fYuQyy-r8_rpBpcY7lH_A/falabellaPE/127314874_01/width=240,height=240,quality=70,format=webp,fit=pad",https://www.sodimac.com.pe/sodimac-pe/articulo/127314873/Control-Magic-Remote-LG-2023-MR23GN/127314874?exp=so_com ,LG
Rack para TV 37-70 pulgadas,Accesorios TV,,,S/89.90,,,sodimac,,"https://www.sodimac.com.pe/cdn-cgi/imagedelivery/4fYuQyy-r8_rpBpcY7lH_A/sodimacPE/2762706_01/width=240,height=240,quality=70,format=webp,fit=pad",https://www.sodimac.com.pe/sodimac-pe/articulo/113092140/Rack-para-TV-37-70-pulgadas/113092157?exp=so_com ,DAIRU
"Televisor 65"" UHD 4K 65UT7300",Televisores,,,"S/1,899.90","S/1,999.90",,sodimac,,"https://www.sodimac.com.pe/cdn-cgi/imagedelivery/4fYuQyy-r8_rpBpcY7lH_A/sodimacPE/4305205_1/width=240,height=240,quality=70,format=webp,fit=pad",https://www.sodimac.com.pe/sodimac-pe/articulo/133595274/Televisor-65-UHD-4K-65UT7300/133595275?exp=so_com ,LG
Antena Tv Digital Interior,Accesorios TV,,,S/37.90,,,sodimac,,"https://www.sodimac.com.pe/cdn-cgi/imagedelivery/4fYuQyy-r8_rpBpcY7lH_A/sodimacPE/2024845_01/width=240,height=240,quality=70,format=webp,fit=pad",https://www.sodimac.com.pe/sodimac-pe/articulo/113530669/Antena-Tv-Digital-Interior/113530676?exp=so_com ,MACROTEL
"Televisor Smart UHD 55"" THINQ AI UR7300",Televisores,,,"S/1,999",,,sodimac,,"https://www.sodimac.com.pe/cdn-cgi/imagedelivery/4fYuQyy-r8_rpBpcY7lH_A/sodimacPE/4218841_1/width=240,height=240,quality=70,format=webp,fit=pad",https://www.sodimac.com.pe/sodimac-pe/articulo/124609559/Televisor-LG-Smart-UHD-55-THINQ-AI-UR7300/124609560?exp=so_com ,LG
"Televisor Smart UHD 50"" THINQ AI UR7300",Televisores,,,"S/1,799.90",,,sodimac,,"https://www.sodimac.com.pe/cdn-cgi/imagedelivery/4fYuQyy-r8_rpBpcY7lH_A/sodimacPE/4218787_1/width=240,height=240,quality=70,format=webp,fit=pad",https://www.sodimac.com.pe/sodimac-pe/articulo/124609564/Televisor-LG-Smart-UHD-50-THINQ-AI-UR7300/124609566?exp=so_com ,LG
Adaptador rca a hdmi conversor convertidor cable video 720 1080 p,Accesorios TV,,,S/24.60,,,sodimac,,"https://www.sodimac.com.pe/cdn-cgi/imagedelivery/4fYuQyy-r8_rpBpcY7lH_A/falabellaPE/115224782_01/width=240,height=240,quality=70,format=webp,fit=pad",https://www.sodimac.com.pe/sodimac-pe/articulo/115224780/Adaptador-rca-a-hdmi-conversor-convertidor-cable-video-720-1080-p/115224782?exp=so_com ,GENERICO
Rack para TV 32-55 pulgadas,Accesorios TV,,,S/99,,,sodimac,,"https://www.sodimac.com.pe/cdn-cgi/imagedelivery/4fYuQyy-r8_rpBpcY7lH_A/sodimacPE/2018225_01/width=240,height=240,quality=70,format=webp,fit=pad",https://www.sodimac.com.pe/sodimac-pe/articulo/113089474/Rack-para-TV-32-55-pulgadas/113089494?exp=so_com ,MEGARACK
"Televisor 55"" QLED 4K Q60 Tizen Black",Televisores,,,"S/1,849.90","S/1,899.90",,sodimac,,"https://www.sodimac.com.pe/cdn-cgi/imagedelivery/4fYuQyy-r8_rpBpcY7lH_A/sodimacPE/4280946_1/width=240,height=240,quality=70,format=webp,fit=pad",https://www.sodimac.com.pe/sodimac-pe/articulo/130547481/Televisor-Samsung-55-QLED-4K-Q60-Tizen-Black/130547482?exp=so_com ,SAMSUNG
Soporte de TV Reclinable 14-42 Pulgadas,Accesorios TV,,,S/19.90,S/29.90,,sodimac,,"https://www.sodimac.com.pe/cdn-cgi/imagedelivery/4fYuQyy-r8_rpBpcY7lH_A/sodimacPE/8989680_01/width=240,height=240,quality=70,format=webp,fit=pad",https://www.sodimac.com.pe/sodimac-pe/articulo/122109115/Soporte-de-TV-Reclinable-14-42-Pulgadas/122109117?exp=so_com ,DAIRU
"Televisor Smart UHD 65"" THINQ AI UR7300",Televisores,,,"S/2,999",,,sodimac,,"https://www.sodimac.com.pe/cdn-cgi/imagedelivery/4fYuQyy-r8_rpBpcY7lH_A/sodimacPE/4218825_1/width=240,height=240,quality=70,format=webp,fit=pad",https://www.sodimac.com.pe/sodimac-pe/articulo/124609561/Televisor-LG-Smart-UHD-65-THINQ-AI-UR7300/124609562?exp=so_com ,LG
"Televisor 55"" UHD 4K UT7300",Televisores,,,"S/1,549.90","S/1,599.90",,sodimac,,"https://www.sodimac.com.pe/cdn-cgi/imagedelivery/4fYuQyy-r8_rpBpcY7lH_A/sodimacPE/4305191_1/width=240,height=240,quality=70,format=webp,fit=pad",https://www.sodimac.com.pe/sodimac-pe/articulo/133593210/Televisor-55-UHD-4K-UT7300/133593211?exp=so_com ,LG
Reloj Smartwatch Ultra 8 Negro Werken + Audífonos In Ear Inalámbricos TWS,,,,,S/49.00,,promart,,https://promart.vteximg.com.br/arquivos/ids/8495520-275-275/157442.jpg?v=638702292370800000,https://www.promart.pe/reloj-smartwatch-ultra-8-negro-werken/p,werken
Reloj Smartwatch W99 Ultra Negro Werken + Audífonos In Ear Inalámbricos TWS,,,,,S/49.00,,promart,,https://promart.vteximg.com.br/arquivos/ids/8498232-275-275/157440.jpg?v=638703020335970000,https://www.promart.pe/reloj-smartwatch-w99-ultra-negro-werken/p,werken
Parlante Bluetooth C4405 Negro Werken,,,,,S/59.00,,promart,,https://promart.vteximg.com.br/arquivos/ids/8474149-275-275/157435.jpg?v=638684005066470000,https://www.promart.pe/parlante-bluetooth-c4405-negro-werken/p,werken
Smartwatch T500 Pro Rosado,,,,,S/35.00,,promart,,https://promart.vteximg.com.br/arquivos/ids/8495783-275-275/154930.jpg?v=638702333489700000,https://www.promart.pe/smartwatch-t500-pro-rosado/p,somostel
Audífono In Ear Bluetooth Sony WI-C100/BZ  UC Negro,,,,,S/89.00,,promart,,https://promart.vteximg.com.br/arquivos/ids/8498075-275-275/153225.jpg?v=638703017102000000,https://www.promart.pe/audifono-in-ear-bluetooth-sony-wi-c100-bz-uc-negro-153225/p,sony
Parlante bluetooth 10w Prolink Negro,,,,,S/40.00,,promart,,https://promart.vteximg.com.br/arquivos/ids/7858148-275-275/148134.jpg?v=638446827969170000,https://www.promart.pe/parlante-bluetooth-10w-prolink-negro/p,prolink
"Rack con brazo para TV 23"" - 70"" con cable HDMI Prolink",,,,,S/114.90,,promart,,https://promart.vteximg.com.br/arquivos/ids/7401809-275-275/107594.jpg?v=638270413362570000,https://www.promart.pe/rack-con-brazo-para-tv-23----70--con-cable-hdmi/p,prolink
"Parlante tripode portatil bluetooth 8"" Prolink",,,,,S/139.00,,promart,,https://promart.vteximg.com.br/arquivos/ids/8010168-275-275/148091.jpg?v=638532125843670000,https://www.promart.pe/parlante-tripode-portatil-bluetooth-8-prolink/p,prolink
Radioreloj Magnavox con pantalla 0.6 Alarma dual Fm,,,,,S/59.00,,promart,,https://promart.vteximg.com.br/arquivos/ids/8436582-275-275/142868.jpg?v=638676690849070000,https://www.promart.pe/radioreloj-con-pantalla-0-6-alarma-dual-fm/p,magnavox
Audífonos over ear Sony microf MDR-ZX110AP,,,,,S/49.00,,promart,,https://promart.vteximg.com.br/arquivos/ids/8436451-275-275/136820.jpg?v=638676690464070000,https://www.promart.pe/audifonos-over-ear-microf-mdr-zx110ap-negro/p,sony
Mini Parlante Karaoke 0309M Negro Werken,,,,,S/45.00,,promart,,https://promart.vteximg.com.br/arquivos/ids/8474119-275-275/157432.jpg?v=638684004995470000,https://www.promart.pe/mini-parlante-karaoke-0309m-negro-werken/p,werken
Parlante B19 1200 mAh Negro Werken | Bluetooth | Entrada de Tarjeta TF | USB,,,,,S/45.00,,promart,,https://promart.vteximg.com.br/arquivos/ids/8495470-275-275/156239.jpg?v=638702287594870000,https://www.promart.pe/parlante-b19-1200-mah-negro-werken-bluetooth-entrada-de-tarjeta-tf-usb-156239/p,werken
Parlante inteligente Echo Pop Midnight Teal Amazon,,,,,S/154.00,,promart,,https://promart.vteximg.com.br/arquivos/ids/7932606-275-275/155114.jpg?v=638490071624230000,https://www.promart.pe/parlante-inteligente-echo-pop-midnight-teal-amazon/p,amazon
Parlante inteligente Echo Pop Charcoal Amazon,,,,,S/154.00,,promart,,https://promart.vteximg.com.br/arquivos/ids/8439221-275-275/155112.jpg?v=638676698114900000,https://www.promart.pe/parlante-inteligente-echo-pop-charcoal-amazon/p,amazon
Audífono In Ear Bluetooth Sony WI-C100/LZ  UC Azul,,,,,S/89.00,,promart,,https://promart.vteximg.com.br/arquivos/ids/8495815-275-275/153217.jpg?v=638702333931230000,https://www.promart.pe/audifono-in-ear-bluetooth-sony-wi-c100-lz-uc-azul-153217/p,sony
Parlante inteligente Echo Dot 5 Negro Amazon,,,,,S/224.00,,promart,,https://promart.vteximg.com.br/arquivos/ids/8439140-275-275/153025.jpg?v=638676697827170000,https://www.promart.pe/parlante-inteligente-echo-dot-5-negro-amazon/p,amazon
Audífonos over ear Sony MDR-ZX110,,,,,S/39.00,,promart,,https://promart.vteximg.com.br/arquivos/ids/8436406-275-275/136812.jpg?v=638676690347700000,https://www.promart.pe/audifonos-over-ear-mdr-zx110-negro/p,sony
Rack Prolink con brazo LCD TV 23-55 + cable HDMI,,,,,S/79.90,,promart,,https://promart.vteximg.com.br/arquivos/ids/7272153-275-275/131302.jpg?v=638240738963570000,https://www.promart.pe/rack-con-brazo-lcd-tv-23-55-cable-hdmi/p,prolink
Parlante Prolink PK-2108 OneBox Inalámbrico Bluetooth Karaoke Negro,,,,,S/79.00,,promart,,https://promart.vteximg.com.br/arquivos/ids/7754856-275-275/126099.jpg?v=638394767320470000,https://www.promart.pe/parlante-onebox-inalambrico-bluetooth-karaoke/p,prolink
"Rack fijo con inclinación TV 32-70"" + Cable HDMI Prolink",,,,,S/69.90,,promart,,https://promart.vteximg.com.br/arquivos/ids/431273-275-275/113331.jpg?v=637235912865900000,https://www.promart.pe/rack-fijo-con-inclinacion-tv-32-70-cable-hdmi/p,prolink
Audífono In Ear Bluetooth Sony WI-C100/WZ  UC Blanco,,,,,S/89.00,,promart,,https://promart.vteximg.com.br/arquivos/ids/8437649-275-275/153215.jpg?v=638676693847700000,https://www.promart.pe/audifono-in-ear-bluetooth-sony-wi-c100-wz-uc-blanco-153215/p,sony
Parlante Inteligente Echo Dot 5 Azul Amazon,,,,,S/224.00,,promart,,https://promart.vteximg.com.br/arquivos/ids/7575218-275-275/153022.jpg?v=638337950698670000,https://www.promart.pe/parlante-inteligente-echo-dot-5-azul-amazon/p,amazon
"Prolink rack fijo TV 32-80"" + Cable HDMI",,,,,S/49.90,,promart,,https://promart.vteximg.com.br/arquivos/ids/8495652-275-275/146160.jpg?v=638702295024870000,https://www.promart.pe/prolink-rack-fijo-tv-32-80----cable-hdmi/p,prolink
"Rack brazo TV 43-90"" HWM090M Prolink",,,,,S/310.00,,promart,,https://promart.vteximg.com.br/arquivos/ids/8496915-275-275/141820.jpg?v=638702397888230000,https://www.promart.pe/rack-brazo-tv-43-90-hwm090m/p,prolink
Audífonos in ear Sony micrófono MDR-EX110AP,,,,,S/59.00,,promart,,https://promart.vteximg.com.br/arquivos/ids/8438776-275-275/136806.jpg?v=638676696802470000,https://www.promart.pe/audifonos-in-ear-microfono-mdr-ex110ap-negro/p,sony
Dispositivo de Tv Fire Tv Stick Lite Amazon,,,,,S/174.00,,promart,,https://promart.vteximg.com.br/arquivos/ids/8439744-275-275/153024.jpg?v=638676700778270000,https://www.promart.pe/dispositivo-de-tv-fire-tv-stick-lite-amazon/p,amazon
Parlante karaoke portatil bluetooth 40W Prolink,,,,,S/259.00,,promart,,https://promart.vteximg.com.br/arquivos/ids/8492029-275-275/148104.jpg?v=638700491004330000,https://www.promart.pe/parlante-karaoke-portatil-bluetooth-30w-prolink/p,prolink
Audífonos over ear Sony microf MDR - ZX310AP,,,,,S/59.00,,promart,,https://promart.vteximg.com.br/arquivos/ids/8436420-275-275/136814.jpg?v=638676690387930000,https://www.promart.pe/audifonos-over-ear-microf-mdr-zx310ap-negro/p,sony
Pilas Duracell AA x4 unidades,,,,,S/10.90,,promart,,https://promart.vteximg.com.br/arquivos/ids/7397976-275-275/83838.jpg?v=638267044537630000,https://www.promart.pe/pila-duracell-aa-x-4-unids-/p,duracell
Cargador recargable Duracell,,,,,S/139.00,,promart,,https://promart.vteximg.com.br/arquivos/ids/7543415-275-275/131041.jpg?v=638334526422200000,https://www.promart.pe/cargador-recargable-duracell/p,duracell
Pila Duracell recargable AAx4u,,,,,S/69.00,,promart,,https://promart.vteximg.com.br/arquivos/ids/8496351-275-275/131042.jpg?v=638702385530770000,https://www.promart.pe/pila-duracell-recargable-aax4u/p,duracell
Pila Duracell recargable AAAx4u,,,,,S/69.00,,promart,,https://promart.vteximg.com.br/arquivos/ids/8498387-275-275/131044.jpg?v=638703023976170000,https://www.promart.pe/pila-duracell-recargable-aaax4u/p,duracell
Cargador + batería 4.0 Ah 18v Starter Einhell,,,,,S/159.00,,promart,,https://promart.vteximg.com.br/arquivos/ids/8477561-275-275/129594.jpg?v=638687548319100000,https://www.promart.pe/cargador-bateria-4-0-ah-18v-starter/p,einhell
Batería Gba 18V 4.0 Ah + Cargador Gal 18V-40 Bosch,,,,,S/349.00,,promart,,https://promart.vteximg.com.br/arquivos/ids/8498263-275-275/154915.jpg?v=638703020571330000,https://www.promart.pe/bateria-gba-18v-4-0-ah-cargador-gal-18v-40-bosch/p,bosch
Batería Max 9.0Ah + Cargador 20V FLEXVOLTDCB609-K1 Dewalt,,,,,S/949.00,,promart,,https://promart.vteximg.com.br/arquivos/ids/8494047-275-275/138492.jpg?v=638701471272830000,https://www.promart.pe/bateria-max-9-0ah-cargador-20v-dcb609-k1/p,dewalt
"Kit Bosch con 2 baterías GBA 18V 4,0Ah + 1 cargador GAL 1880 CV",,,,,S/629.90,,promart,,https://promart.vteximg.com.br/arquivos/ids/6891941-275-275/132597.jpg?v=638160944447200000,https://www.promart.pe/cargador-gal-1880---2-baterias-gba-18v-3ah/p,bosch
Cargador bateria 12V Bc 4 M Einhell,,,,,S/207.00,,promart,,https://promart.vteximg.com.br/arquivos/ids/8477178-275-275/113381.jpg?v=638687545894430000,https://www.promart.pe/cargador-bateria-12v-bc-4-m-einhell/p,einhell
Batería 13 placas 80 Ah W-13 Plata Etna,,,,,S/369.00,,promart,,https://promart.vteximg.com.br/arquivos/ids/7982857-275-275/53306.jpg?v=638520826284570000,https://www.promart.pe/bateria-w-13-pl-12vs/p,etna
Pila Duracell recargable AAx2u,,,,,S/39.00,,promart,,https://promart.vteximg.com.br/arquivos/ids/6753356-275-275/131052.jpg?v=638125061960300000,https://www.promart.pe/pila-duracell-recargable-aax2u/p,duracell
Bateria 5.0Ah 20V Max DCB205 + Cargador 12/20V DCB115 Dewalt,,,,,S/589.00,,promart,,https://promart.vteximg.com.br/arquivos/ids/6808353-275-275/137804.jpg?v=638134010155300000,https://www.promart.pe/bateria-20v-max-4-0-ah-cargador-dewalt/p,dewalt
Pila Duracell auditiva nro13 x6,,,,,S/19.90,,promart,,https://promart.vteximg.com.br/arquivos/ids/450774-275-275/130067.jpg?v=637256124466270000,https://www.promart.pe/pila-duracell-auditiva-nro13-x6/p,duracell
Pilas Duracell 9V,,,,,S/19.90,,promart,,https://promart.vteximg.com.br/arquivos/ids/521739-275-275/83844.jpg?v=637351215706030000,https://www.promart.pe/pila-duracell-9v/p,duracell
Batería 9V Maxell,,,,,S/12.90,,promart,,https://promart.vteximg.com.br/arquivos/ids/8243910-275-275/160302.jpg?v=638646288799370000,https://www.promart.pe/bateria-9v-maxell/p,maxell
Batería 55530 8 placas Lb2 55ah 350a,,,,,S/215.91,,promart,,https://promart.vteximg.com.br/arquivos/ids/7981075-275-275/157695.jpg?v=638518378087500000,https://www.promart.pe/bateria-55530-8-placas-lb2-55ah-350a/p,sm
Batería 54459 7 placas Lb1 54459,,,,,S/233.91,,promart,,https://promart.vteximg.com.br/arquivos/ids/7981074-275-275/157694.jpg?v=638518378053200000,https://www.promart.pe/bateria-54459-7-placas-lb1-54459/p,sm
Batería de auto Ns60l 9 placas 45ah 400a,,,,,S/261.81,,promart,,https://promart.vteximg.com.br/arquivos/ids/8332424-275-275/157692.jpg?v=638659994134730000,https://www.promart.pe/bateria-ns60l-9-placas-45ah-400a/p,sm
Batería de auto 40b19l 9 placas 35ah 340a,,,,,S/214.11,,promart,,https://promart.vteximg.com.br/arquivos/ids/8332423-275-275/157691.jpg?v=638659994099800000,https://www.promart.pe/bateria-40b19l-9-placas-35ah-340a/p,sm
Batería 4.0 Ah 20V Xr + Cargador 12/20V Dewalt,,,,,S/459.00,,promart,,https://promart.vteximg.com.br/arquivos/ids/7924141-275-275/157337.jpg?v=638483947003430000,https://www.promart.pe/bateria-4-0-ah-20v-xr-cargador-12-20v-dewalt/p,dewalt
Batería Mt Car 8p/430 Ah Enerjet,,,,,S/169.00,,promart,,https://promart.vteximg.com.br/arquivos/ids/8062363-275-275/156525.jpg?v=638564126135600000,https://www.promart.pe/bateria-mt-car-8p-430-ah-enerjet/p,enerjet
Batería Ks-55 N2 Sop Enerjet,,,,,S/259.00,,promart,,https://promart.vteximg.com.br/arquivos/ids/7899835-275-275/156522.jpg?v=638464817169570000,https://www.promart.pe/bateria-ks-55-n2-sop-enerjet/p,enerjet
Kit de inicio 18v 4-6a H& 6a Boostcharger Einhell,,,,,S/499.00,,promart,,https://promart.vteximg.com.br/arquivos/ids/8478005-275-275/154890.jpg?v=638687551272800000,https://www.promart.pe/kit-de-inicio-18v-4-6a-h-6a-boostcharger-einhell/p,einhell
Batería 4.0ah 18v Sealed Pxc Plus Einhell,,,,,S/319.00,,promart,,https://promart.vteximg.com.br/arquivos/ids/8477742-275-275/154165.jpg?v=638687549553500000,https://www.promart.pe/bateria-4-0ah-18v-sealed-pxc-plus-einhell/p,einhell
Bateria Einhell 18v 5-8ah Multi-ah Pxc Plus,,,,,S/649.00,,promart,,https://promart.vteximg.com.br/arquivos/ids/8477830-275-275/154147.jpg?v=638687550126300000,https://www.promart.pe/bateria-einhell-18v-5-8ah-multi-ah-pxc-plus-154147/p,einhell
Batería para automovil Enerjet LMS W73L N9 12V,,,,,S/378.00,,promart,,https://promart.vteximg.com.br/arquivos/ids/7342839-275-275/151308.jpg?v=638253997036870000,https://www.promart.pe/bateria-para-automovil-enerjet-lms-w73l-n9-12v-151308/p,enerjet
Batería para automovil Enerjet LMS MB90L N9 12V,,,,,S/455.00,,promart,,https://promart.vteximg.com.br/arquivos/ids/7342843-275-275/151307.jpg?v=638253997126800000,https://www.promart.pe/bateria-para-automovil-enerjet-lms-mb90l-n9-12v-151307/p,enerjet
Batería para automovil Enerjet LMS DA80L N9 12V,,,,,S/375.00,,promart,,https://promart.vteximg.com.br/arquivos/ids/7342841-275-275/151306.jpg?v=638253997079570000,https://www.promart.pe/bateria-para-automovil-enerjet-lms-da80l-n9-12v-151306/p,enerjet
Batería Ff-13 Pro Extrema Max Nor Etna,,,,,S/353.00,,promart,,https://promart.vteximg.com.br/arquivos/ids/6963205-275-275/150233.jpg?v=638182350679130000,https://www.promart.pe/bateria-ff-13-pa-pro-extrema-max-12vc-nor-etna/p,etna
Batería Ff-11 Pro Extrema Max 12vc Nor Etna,,,,,S/290.00,,promart,,https://promart.vteximg.com.br/arquivos/ids/6963206-275-275/150232.jpg?v=638182350717800000,https://www.promart.pe/bateria-ff-11-pro-extrema-max-12vc-nor-etna/p,etna
Batería V-13 Pro Extrema Max 12vc 87ah Inv Etna,,,,,S/336.00,,promart,,https://promart.vteximg.com.br/arquivos/ids/6888022-275-275/149972.jpg?v=638155766581970000,https://www.promart.pe/bateria-v-13-pro-extrema-max-12vc-87ah-inv-etna/p,etna
Batería Fh-1215 Pro Extrema Max12vc 102ah Inv Etna,,,,,S/395.00,,promart,,https://promart.vteximg.com.br/arquivos/ids/6888017-275-275/149971.jpg?v=638155766421900000,https://www.promart.pe/bateria-fh-1215-pro-extrema-max12vc-102ah-inv-etna/p,etna
Batería S-1215em Pro Extrema Max12vc 88ah Nor Etna,,,,,S/379.00,,promart,,https://promart.vteximg.com.br/arquivos/ids/6888019-275-275/149970.jpg?v=638155766487900000,https://www.promart.pe/bateria-s-1215em-pro-extrema-max12vc-88ah-nor-etna/p,etna
Batería Fh-1215 Pro Extrema Max12vc 102ah Nor Etna,,,,,S/395.00,,promart,,https://promart.vteximg.com.br/arquivos/ids/6888021-275-275/149966.jpg?v=638155766550600000,https://www.promart.pe/bateria-fh-1215-pro-extrema-max12vc-102ah-nor-etna/p,etna
Batería Hl-11 Pa Pro Extrema Max 12vc Nor Etna,,,,,S/275.00,,promart,,https://promart.vteximg.com.br/arquivos/ids/6888020-275-275/149965.jpg?v=638155766519430000,https://www.promart.pe/bateria-hl-11-pa-pro-extrema-max-12vc-nor-etna/p,etna
Batería W-13 Pro Extrema Max 12vc 75ah Nor Etna,,,,,S/310.00,,promart,,https://promart.vteximg.com.br/arquivos/ids/6888018-275-275/149963.jpg?v=638155766454800000,https://www.promart.pe/bateria-w-13-pro-extrema-max-12vc-75ah-nor-etna/p,etna
Batería W-13 Pro Extrema Max 12vc 75ah Inv Etna,,,,,S/310.00,,promart,,https://promart.vteximg.com.br/arquivos/ids/6888016-275-275/149962.jpg?v=638155766389300000,https://www.promart.pe/bateria-w-13-pro-extrema-max-12vc-75ah-inv-etna/p,etna
Pila Optimum AA 4 unidades Duracell,,,,,S/22.10,,promart,,https://promart.vteximg.com.br/arquivos/ids/6753364-275-275/145916.jpg?v=638125062104770000,https://www.promart.pe/pila-optimum-aa-4-unidades/p,duracell
Pila Optimum AAA 2 unidades Duracell,,,,,S/15.00,,promart,,https://promart.vteximg.com.br/arquivos/ids/6753362-275-275/145908.jpg?v=638125062068770000,https://www.promart.pe/pila-optimum-aaa-2-unidades/p,duracell
Pila Optimum AAA 4 unidades Duracell,,,,,S/22.10,,promart,,https://promart.vteximg.com.br/arquivos/ids/6753360-275-275/145904.jpg?v=638125062033470000,https://www.promart.pe/pila-optimum-aaa-4-unidades/p,duracell
Pila Optimum AA 2 unidades Duracell,,,,,S/12.50,,promart,,https://promart.vteximg.com.br/arquivos/ids/6753358-275-275/145903.jpg?v=638125061996870000,https://www.promart.pe/pila-optimum-aa-2-unidades/p,duracell
Pila Duracell botón litio 2032 x2,,,,,S/19.90,,promart,,https://promart.vteximg.com.br/arquivos/ids/5913569-275-275/143725.jpg?v=637898784082070000,https://www.promart.pe/pila-duracell-boton-litio-2032-x2/p,duracell
Bateria 4.0Ah 20V FATMAX SB204 Stanley,,,,,S/311.00,,promart,,https://promart.vteximg.com.br/arquivos/ids/5134845-275-275/142364.jpg?v=637841641049100000,https://www.promart.pe/bateria-4ah-v20-fatmax/p,stanley
Batería zero premium libre Mant.ytx7a-bs,,,,,S/100.00,,promart,,https://promart.vteximg.com.br/arquivos/ids/4832279-275-275/141854.jpg?v=637826198810930000,https://www.promart.pe/bateria-zero-premium-libre-mant-ytx7a-bs/p,zero
Batería zero premium libre Mant.12n7a-3a,,,,,S/90.00,,promart,,https://promart.vteximg.com.br/arquivos/ids/4832245-275-275/141853.jpg?v=637826198537930000,https://www.promart.pe/bateria-zero-premium-libre-mant-12n7a-3a/p,zero
Batería zero premium libre Mant.ytx5l-bs,,,,,S/85.00,,promart,,https://promart.vteximg.com.br/arquivos/ids/4832233-275-275/141848.jpg?v=637826198417470000,https://www.promart.pe/bateria-zero-premium-libre-mant-ytx5l-bs/p,zero
Cargador + batería 5.2AH 18V Starter kit Einhell,,,,,S/329.00,,promart,,https://promart.vteximg.com.br/arquivos/ids/8477716-275-275/141834.jpg?v=638687549322270000,https://www.promart.pe/cargador---bateria-5-2ah-18v-starter-kit-einhell/p,einhell
Batería 40b19l (35ah/330a) Bosch,,,,,S/308.61,,promart,,https://promart.vteximg.com.br/arquivos/ids/4685349-275-275/138403.jpg?v=637818500127700000,https://www.promart.pe/bateria-40b19l--35ah-330a-/p,bosch
Batería Li-ion GBA 18V 5.0 AH Bosch,,,,,S/535.00,,promart,,https://promart.vteximg.com.br/arquivos/ids/8009221-275-275/137640.jpg?v=638530561303500000,https://www.promart.pe/bateria-li-ion-gba-18v-5-0-ah/p,bosch
Batería Enerjet 13S85 N2 Om9,,,,,S/349.00,,promart,,https://promart.vteximg.com.br/arquivos/ids/951600-275-275/136379.jpg?v=637584190114800000,https://www.promart.pe/bateria-enerjet-13s85-n2-om9/p,enerjet
Batería Enerjet 13W75 N2 So9,,,,,S/332.00,,promart,,https://promart.vteximg.com.br/arquivos/ids/951603-275-275/136376.jpg?v=637584190146570000,https://www.promart.pe/bateria-enerjet-13w75-n2-so9/p,enerjet
Batería Enerjet 15MB90 N2 So9,,,,,S/420.00,,promart,,https://promart.vteximg.com.br/arquivos/ids/951607-275-275/136375.jpg?v=637584190208800000,https://www.promart.pe/bateria-enerjet-15mb90-n2-so9/p,enerjet
Batería Enerjet 13T68 N2 So9,,,,,S/310.00,,promart,,https://promart.vteximg.com.br/arquivos/ids/951605-275-275/136372.jpg?v=637584190178930000,https://www.promart.pe/bateria-enerjet-13t68-n2-so9/p,enerjet
Batería Enerjet 11D56 N2 Om9,,,,,S/270.00,,promart,,https://promart.vteximg.com.br/arquivos/ids/951609-275-275/136369.jpg?v=637584190239800000,https://www.promart.pe/bateria-enerjet-11d56-n2-om9/p,enerjet
Batería Enerjet 15M99 I2 OM9,,,,,S/438.00,,promart,,https://promart.vteximg.com.br/arquivos/ids/5906851-275-275/136339.jpg?v=637892065321300000,https://www.promart.pe/bateria-enerjet-15m99-i2-om9/p,enerjet
Batería Enerjet 15M99 N2 OM9,,,,,S/454.00,,promart,,https://promart.vteximg.com.br/arquivos/ids/5906848-275-275/136338.jpg?v=637892065195930000,https://www.promart.pe/bateria-enerjet-15m99-n2-om9/p,enerjet
Agua para batería 1l vistony,,,,,S/ 4.90  c/IGV,,implementos,,https://api.implementos.com.pe/file/sku/250/VISCAR3011_1.jpg,https://www.implementos.com.pe/inicio/productos/ficha/agua-para-bater-a-1l-vistony-VISCAR3011/baterias,VISTONY
Agua para batería 1gl vistony,,,,,S/ 9.90  c/IGV,,implementos,,https://api.implementos.com.pe/file/sku/250/VISCAR3001_1.jpg,https://www.implementos.com.pe/inicio/productos/ficha/agua-para-bater-a-1gl-vistony-VISCAR3001/baterias,VISTONY
Bateria varta 23 placas b. poste,,,,,S/ 769.90  c/IGV,,implementos,,https://api.implementos.com.pe/file/sku/250/VARBAT3003_1.jpg,https://www.implementos.com.pe/inicio/productos/ficha/bateria-varta-23-placas-b-poste-VARBAT3003/baterias,VARTA
Bateria varta 29 placas b. poste,,,,,S/ 929.90  c/IGV,,implementos,,https://api.implementos.com.pe/file/sku/250/VARBAT3002_1.jpg,https://www.implementos.com.pe/inicio/productos/ficha/bateria-varta-29-placas-b-poste-VARBAT3002/baterias,VARTA
Bateria 23 placas varta lm 1060cca,,,,,S/ 669.90  c/IGV,,implementos,,https://api.implementos.com.pe/file/sku/250/VARBAT3000_1.jpg,https://www.implementos.com.pe/inicio/productos/ficha/bateria-23-placas-varta-lm-1060cca-VARBAT3000/baterias,VARTA
Batería 950cca ultrastart,,,,,S/ 463.20  c/IGV,,implementos,,https://api.implementos.com.pe/file/sku/250/USABAT3003_1.jpg,https://www.implementos.com.pe/inicio/productos/ficha/bater-a-950cca-ultrastart-USABAT3003/baterias,ULTRASTART
Cable pasa corriente 1300 amp - 5.0 metros,,,,,S/ 109.90  c/IGV,,implementos,,https://api.implementos.com.pe/file/sku/250/TRAACC0035_1.jpg,https://www.implementos.com.pe/inicio/productos/ficha/cable-pasa-corriente-1300-amp---5-0-metros-TRAACC0035/baterias,BLACKSMITH
Cable pasa corriente 750 amp - 3.5 metros,,,,,S/ 59.90  c/IGV,,implementos,,https://api.implementos.com.pe/file/sku/250/TRAACC0034_1.jpg,https://www.implementos.com.pe/inicio/productos/ficha/cable-pasa-corriente-750-amp---3-5-metros-TRAACC0034/baterias,BLACKSMITH
Cable pasa corriente 350 amp - 2.5 metros,,,,,S/ 29.90  c/IGV,,implementos,,https://api.implementos.com.pe/file/sku/250/TRAACC0033_1.jpg,https://www.implementos.com.pe/inicio/productos/ficha/cable-pasa-corriente-350-amp---2-5-metros-TRAACC0033/baterias,BLACKSMITH
Bateria powertruck 33 placas b. poste invertida,,,,,S/ 799.90  c/IGV,,implementos,,https://api.implementos.com.pe/file/sku/250/POWBAT3001_1.jpg,https://www.implementos.com.pe/inicio/productos/ficha/bateria-powertruck-33-placas-b-poste-invertida-POWBAT3001/baterias,POWER TRUCK
Batería powertruck 950cca lm b. perno,,,,,S/ 417.60  c/IGV,,implementos,,https://api.implementos.com.pe/file/sku/250/POWBAT3000_1.jpg,https://www.implementos.com.pe/inicio/productos/ficha/bater-a-powertruck-950cca-lm-b-perno-POWBAT3000/baterias,POWERTRUCK
Batería etna s-1219 pro 855cca borne poste,,,,,S/ 565.90  c/IGV,,implementos,,https://api.implementos.com.pe/file/sku/250/ETABAT3002_1.jpg,https://www.implementos.com.pe/inicio/productos/ficha/bater-a-etna-s-1219-pro-855cca-borne-poste-ETABAT3002/baterias,ETNA
Batería etna s-1225b 1140cca 25 placas b.poste inv,,,,,S/ 629.90  c/IGV,,implementos,,https://api.implementos.com.pe/file/sku/250/ETABAT0015_1.jpg,https://www.implementos.com.pe/inicio/productos/ficha/bater-a-etna-s-1225b-1140cca-25-placas-b-poste-inv-ETABAT0015/baterias,ETNA
Bateria capsa 21 placas b. poste,,,,,S/ 599.90  c/IGV,,implementos,,https://api.implementos.com.pe/file/sku/250/CAPBAT0005_1.jpg,https://www.implementos.com.pe/inicio/productos/ficha/bateria-capsa-21-placas-b-poste-CAPBAT0005/baterias,Capsa
Batería varta 900cca borne perno - perno / normal,,,,,S/ 501.20  c/IGV,,implementos,,https://api.implementos.com.pe/file/sku/250/CAPBAT0004_1.jpg,https://www.implementos.com.pe/inicio/productos/ficha/bater-a-varta-900cca-borne-perno---perno-normal-CAPBAT0004/baterias,VARTA
Bateria capsa 17 placas 800cca 30h 1600,,,,,S/ 419.90  c/IGV,,implementos,,https://api.implementos.com.pe/file/sku/250/CAPBAT0003_1.jpg,https://www.implementos.com.pe/inicio/productos/ficha/bateria-capsa-17-placas-800cca-30h-1600-CAPBAT0003/baterias,CAPSA
Bateria capsa lm 15 placas 710cca,,,,,S/ 369.90  c/IGV,,implementos,,https://api.implementos.com.pe/file/sku/250/CAPBAT0002_1.jpg,https://www.implementos.com.pe/inicio/productos/ficha/bateria-capsa-lm-15-placas-710cca-CAPBAT0002/baterias,Capsa
Borne batería camión americano kit 2 und,,,,,S/ 14.90  c/IGV,,implementos,,https://api.implementos.com.pe/file/sku/250/BCKBAT0002_1.jpg,https://www.implementos.com.pe/inicio/productos/ficha/borne-bater-a-cami-n-americano-kit-2-und-BCKBAT0002/baterias,Blacksmith
Adaptador borne de bateria kit x 2 und blacksmith,,,,,S/ 17.90  c/IGV,,implementos,,https://api.implementos.com.pe/file/sku/250/BCKBAT0001_1.jpg,https://www.implementos.com.pe/inicio/productos/ficha/adaptador-borne-de-bateria-kit-x-2-und-blacksmith-BCKBAT0001/baterias,BLACKSMITH
Batería etna s-1223 pro 1045cca 23 placas borne po,,,,,S/ 609.90  c/IGV,,implementos,,https://api.implementos.com.pe/file/sku/250/ETABAT0011_1.jpg,https://www.implementos.com.pe/inicio/productos/ficha/bater-a-etna-s-1223-pro-1045cca-23-placas-borne-po-ETABAT0011/baterias,ETNA
Batería etna s-1220p/perno lm,,,,,S/ 463.20  c/IGV,,implementos,,https://api.implementos.com.pe/file/sku/250/ETABAT0006_1.jpg,https://www.implementos.com.pe/inicio/productos/ficha/bater-a-etna-s-1220p-perno-lm-ETABAT0006/baterias,ETNA
Batería etna s-1225 pro 1100cca 25 placas b. poste,,,,,S/ 639.90  c/IGV,,implementos,,https://api.implementos.com.pe/file/sku/250/ETABAT0005_1.jpg,https://www.implementos.com.pe/inicio/productos/ficha/bater-a-etna-s-1225-pro-1100cca-25-placas-b-poste-ETABAT0005/baterias,ETNA
Batería etna su-1217 pro 760cca 17 placas b. poste,,,,,S/ 434.90  c/IGV,,implementos,,https://api.implementos.com.pe/file/sku/250/ETABAT0001_1.jpg,https://www.implementos.com.pe/inicio/productos/ficha/bater-a-etna-su-1217-pro-760cca-17-placas-b-poste-ETABAT0001/baterias,ETNA
Bateria enerjet 23 placas b. poste invertida,,,,,S/ 619.90  c/IGV,,implementos,,https://api.implementos.com.pe/file/sku/250/ENEBAT3003_1.jpg,https://www.implementos.com.pe/inicio/productos/ficha/bateria-enerjet-23-placas-b-poste-invertida-ENEBAT3003/baterias,ENERJET
Bateria enerjet 23 placas 1100cca lms,,,,,S/ 629.90  c/IGV,,implementos,,https://api.implementos.com.pe/file/sku/250/ENEBAT3001_1.jpg,https://www.implementos.com.pe/inicio/productos/ficha/bateria-enerjet-23-placas-1100cca-lms-ENEBAT3001/baterias,ENERJET
Bateria enerjet 15 placas b. poste,,,,,S/ 379.90  c/IGV,,implementos,,https://api.implementos.com.pe/file/sku/250/ENEBAT0013_1.jpg,https://www.implementos.com.pe/inicio/productos/ficha/bateria-enerjet-15-placas-b-poste-ENEBAT0013/baterias,ENERJET
Bateria enerjet 19p130 895cca lm,,,,,S/ 564.90  c/IGV,,implementos,,https://api.implementos.com.pe/file/sku/250/ENEBAT0011_1.jpg,https://www.implementos.com.pe/inicio/productos/ficha/bateria-enerjet-19p130-895cca-lm-ENEBAT0011/baterias,ENERJET
Bateria enerjet 15m99n 718cca 15 placas borne post,,,,,S/ 399.90  c/IGV,,implementos,,https://api.implementos.com.pe/file/sku/250/ENEBAT0009_1.jpg,https://www.implementos.com.pe/inicio/productos/ficha/bateria-enerjet-15m99n-718cca-15-placas-borne-post-ENEBAT0009/baterias,ENERJET
Bateria enerjet 13s85 615cca 13 placas borne poste,,,,,S/ 319.90  c/IGV,,implementos,,https://api.implementos.com.pe/file/sku/250/ENEBAT0008_1.jpg,https://www.implementos.com.pe/inicio/productos/ficha/bateria-enerjet-13s85-615cca-13-placas-borne-poste-ENEBAT0008/baterias,ENERJET
Bateria enerjet 11s71 512cca 11 placas borne poste,,,,,S/ 279.90  c/IGV,,implementos,,https://api.implementos.com.pe/file/sku/250/ENEBAT0007_1.jpg,https://www.implementos.com.pe/inicio/productos/ficha/bateria-enerjet-11s71-512cca-11-placas-borne-poste-ENEBAT0007/baterias,Enerjet
Bateria enerjet 13w75 525cca 13 placas borne poste,,,,,S/ 299.90  c/IGV,,implementos,,https://api.implementos.com.pe/file/sku/250/ENEBAT0004_1.jpg,https://www.implementos.com.pe/inicio/productos/ficha/bateria-enerjet-13w75-525cca-13-placas-borne-poste-ENEBAT0004/baterias,ENERJET
Bateria enerjet 11 placas b. poste,,,,,S/ 279.90  c/IGV,,implementos,,https://api.implementos.com.pe/file/sku/250/ENEBAT0003_1.jpg,https://www.implementos.com.pe/inicio/productos/ficha/bateria-enerjet-11-placas-b-poste-ENEBAT0003/baterias,ENERJET
Batería capsa 13 placas alta 640cca - poste / invertida,,,,,S/ 309.90  c/IGV,,implementos,,https://api.implementos.com.pe/file/sku/250/CAPBAT3007_1.jpg,https://www.implementos.com.pe/inicio/productos/ficha/bater-a-capsa-13-placas-alta-640cca---poste-invertida-CAPBAT3007/baterias,CAPSA
Batería capsa 15 placas alta 710cca invertida - poste / normal,,,,,S/ 389.90  c/IGV,,implementos,,https://api.implementos.com.pe/file/sku/250/CAPBAT3006_1.jpg,https://www.implementos.com.pe/inicio/productos/ficha/bater-a-capsa-15-placas-alta-710cca-invertida---poste-normal-CAPBAT3006/baterias,CAPSA
Bateria capsa 15 placas b. poste invertida,,,,,S/ 389.90  c/IGV,,implementos,,https://api.implementos.com.pe/file/sku/250/CAPBAT3005_1.jpg,https://www.implementos.com.pe/inicio/productos/ficha/bateria-capsa-15-placas-b-poste-invertida-CAPBAT3005/baterias,CAPSA
Batería 17 placas p/perno capsa 800cca - perno / normal,,,,,S/ 439.90  c/IGV,,implementos,,https://api.implementos.com.pe/file/sku/250/CAPBAT3003_1.jpg,https://www.implementos.com.pe/inicio/productos/ficha/bater-a-17-placas-p-perno-capsa-800cca---perno-normal-CAPBAT3003/baterias,CAPSA
Candado jumbo 70mm - travex,,,,,S/ 52.90  c/IGV,,implementos,,https://api.implementos.com.pe/file/sku/250/TVXSEG0004_1.jpg,https://www.implementos.com.pe/inicio/productos/ficha/candado-jumbo-70mm---travex-TVXSEG0004/seguridad-herramientas-y-tiempo-libre/seguridad-vial-y-senaletica,TRAVEX
Candado seguridad 60mm - travex,,,,,S/ 39.90  c/IGV,,implementos,,https://api.implementos.com.pe/file/sku/250/TVXSEG0002_1.jpg,https://www.implementos.com.pe/inicio/productos/ficha/candado-seguridad-60mm---travex-TVXSEG0002/seguridad-herramientas-y-tiempo-libre/seguridad-vial-y-senaletica,TRAVEX
Candado seguridad 50mm travex,,,,,S/ 32.90  c/IGV,,implementos,,https://api.implementos.com.pe/file/sku/250/TVXSEG0001_1.jpg,https://www.implementos.com.pe/inicio/productos/ficha/candado-seguridad-50mm-travex-TVXSEG0001/seguridad-herramientas-y-tiempo-libre/seguridad-vial-y-senaletica,TRAVEX
Pegatina p/ paracoche blanco,,,,,S/ 1.90  c/IGV,,implementos,,https://api.implementos.com.pe/file/sku/250/TOKCIN3004_1.jpg,https://www.implementos.com.pe/inicio/productos/ficha/pegatina-p-paracoche-blanco-TOKCIN3004/seguridad-herramientas-y-tiempo-libre/seguridad-vial-y-senaletica,TOKING
Pegatina p/ paracoche rojo,,,,,S/ 1.90  c/IGV,,implementos,,https://api.implementos.com.pe/file/sku/250/TOKCIN3003_1.jpg,https://www.implementos.com.pe/inicio/productos/ficha/pegatina-p-paracoche-rojo-TOKCIN3003/seguridad-herramientas-y-tiempo-libre/seguridad-vial-y-senaletica,TOKING
Barra retractil p/cono rojo/negro,,,,,S/ 14.90  c/IGV,,implementos,,https://api.implementos.com.pe/file/sku/250/STKSEG3003_1.jpg,https://www.implementos.com.pe/inicio/productos/ficha/barra-retractil-p-cono-rojo-negro-STKSEG3003/seguridad-herramientas-y-tiempo-libre/seguridad-vial-y-senaletica,SPLATS
Barra retractil p/cono amarillo/negro,,,,,S/ 17.90  c/IGV,,implementos,,https://api.implementos.com.pe/file/sku/250/STKSEG0093_1.jpg,https://www.implementos.com.pe/inicio/productos/ficha/barra-retractil-p-cono-amarillo-negro-STKSEG0093/seguridad-herramientas-y-tiempo-libre/seguridad-vial-y-senaletica,SPLAST
Circulina estroboscopica azul torre baja 12-24v,,,,,S/ 69.90  c/IGV,,implementos,,https://api.implementos.com.pe/file/sku/250/STKELE3042_1.jpg,https://www.implementos.com.pe/inicio/productos/ficha/circulina-estroboscopica-azul-torre-baja-12-24v-STKELE3042/seguridad-herramientas-y-tiempo-libre/seguridad-vial-y-senaletica,STARK
Pertiga 10 pies 360 led completa full led bivolt,,,,,S/ 349.90  c/IGV,,implementos,,https://api.implementos.com.pe/file/sku/250/SEGPER0002_1.jpg,https://www.implementos.com.pe/inicio/productos/ficha/pertiga-10-pies-360-led-completa-full-led-bivolt-SEGPER0002/seguridad-herramientas-y-tiempo-libre/seguridad-vial-y-senaletica,BLACKSMITH
Valvula direc.3 vias m16,,,,,S/ 147.80  c/IGV,,implementos,,https://api.implementos.com.pe/file/sku/250/RANVAL0010_1.jpg,https://www.implementos.com.pe/inicio/productos/ficha/valvula-direc-3-vias-m16-RANVAL0010/seguridad-herramientas-y-tiempo-libre/seguridad-vial-y-senaletica,Randon
"Manguera electrica 7 vias 15 pies, abs phillips",,,,,S/ 493.60  c/IGV,,implementos,,https://api.implementos.com.pe/file/sku/250/PHIFRE0015_1.jpg,https://www.implementos.com.pe/inicio/productos/ficha/manguera-electrica-7-vias-15-pies-abs-phillips-PHIFRE0015/seguridad-herramientas-y-tiempo-libre/seguridad-vial-y-senaletica,HITO
Manguera electrica 7 vias 15 pies phillips,,,,,S/ 264.90  c/IGV,,implementos,,https://api.implementos.com.pe/file/sku/250/PHIFRE0006_1.jpg,https://www.implementos.com.pe/inicio/productos/ficha/manguera-electrica-7-vias-15-pies-phillips-PHIFRE0006/seguridad-herramientas-y-tiempo-libre/seguridad-vial-y-senaletica,HITO
Trabavolante t pro alta seguridad daytona,,,,,S/ 109.90  c/IGV,,implementos,,https://api.implementos.com.pe/file/sku/250/MOMCAR0008_1.jpg,https://www.implementos.com.pe/inicio/productos/ficha/trabavolante-t-pro-alta-seguridad-daytona-MOMCAR0008/seguridad-herramientas-y-tiempo-libre/seguridad-vial-y-senaletica,Daytona
Cinta reflectiva para bicicleta naranja,,,,,S/ 14.90  c/IGV,,implementos,,https://api.implementos.com.pe/file/sku/250/MMMCIN0103_1.jpg,https://www.implementos.com.pe/inicio/productos/ficha/cinta-reflectiva-para-bicicleta-naranja-MMMCIN0103/seguridad-herramientas-y-tiempo-libre/seguridad-vial-y-senaletica,3M
Cinta reflectiva para bicicleta blanco,,,,,S/ 14.90  c/IGV,,implementos,,https://api.implementos.com.pe/file/sku/250/MMMCIN0101_1.jpg,https://www.implementos.com.pe/inicio/productos/ficha/cinta-reflectiva-para-bicicleta-blanco-MMMCIN0101/seguridad-herramientas-y-tiempo-libre/seguridad-vial-y-senaletica,3M
Cinta reflectiva para bicicleta amarillo,,,,,S/ 14.90  c/IGV,,implementos,,https://api.implementos.com.pe/file/sku/250/MMMCIN0100_1.jpg,https://www.implementos.com.pe/inicio/productos/ficha/cinta-reflectiva-para-bicicleta-amarillo-MMMCIN0100/seguridad-herramientas-y-tiempo-libre/seguridad-vial-y-senaletica,3M
Luz de emergencia led roja forma flecha magnetica,,,,,S/ 39.90  c/IGV,,implementos,,https://api.implementos.com.pe/file/sku/250/BLKSEG3002_1.jpg,https://www.implementos.com.pe/inicio/productos/ficha/luz-de-emergencia-led-roja-forma-flecha-magnetica-BLKSEG3002/seguridad-herramientas-y-tiempo-libre/seguridad-vial-y-senaletica,BLACKSMITH
Tapa valvula carga y descarga api aluminio aile,,,,,S/ 75.60  c/IGV,,implementos,,https://api.implementos.com.pe/file/sku/250/AILVAL0005_1.jpg,https://www.implementos.com.pe/inicio/productos/ficha/tapa-valvula-carga-y-descarga-api-aluminio-aile-AILVAL0005/seguridad-herramientas-y-tiempo-libre/seguridad-vial-y-senaletica,AILE
Cinta reflectiva para bicicleta roja,,,,,S/ 14.90  c/IGV,,implementos,,https://api.implementos.com.pe/file/sku/250/MMMCIN0099_1.jpg,https://www.implementos.com.pe/inicio/productos/ficha/cinta-reflectiva-para-bicicleta-roja-MMMCIN0099/seguridad-herramientas-y-tiempo-libre/seguridad-vial-y-senaletica,3M
Cinta reflectiva rojo/blanco 2 3m - metro,,,,,S/ 7.90  c/IGV,,implementos,,https://api.implementos.com.pe/file/sku/250/MMMACC0008_1.jpg,https://www.implementos.com.pe/inicio/productos/ficha/cinta-reflectiva-rojo-blanco-2-3m---metro-MMMACC0008/seguridad-herramientas-y-tiempo-libre/seguridad-vial-y-senaletica,3M
Bocina 24v 72w 400hz tono alto hella,,,,,S/ 35.90  c/IGV,,implementos,,https://api.implementos.com.pe/file/sku/250/HELELE0078_1.jpg,https://www.implementos.com.pe/inicio/productos/ficha/bocina-24v-72w-400hz-tono-alto-hella-HELELE0078/seguridad-herramientas-y-tiempo-libre/seguridad-vial-y-senaletica,HELLA
Alarma retroceso 110 decibeles  9-48v hella,,,,,S/ 35.90  c/IGV,,implementos,,https://api.implementos.com.pe/file/sku/250/HELACC0001_1.jpg,https://www.implementos.com.pe/inicio/productos/ficha/alarma-retroceso-110-decibeles-9-48v-hella-HELACC0001/seguridad-herramientas-y-tiempo-libre/seguridad-vial-y-senaletica,HELLA
Cono pvc c/doble cinta reflectante 36,,,,,S/ 48.90  c/IGV,,implementos,,https://api.implementos.com.pe/file/sku/250/EPPVIA0003_1.jpg,https://www.implementos.com.pe/inicio/productos/ficha/cono-pvc-c-doble-cinta-reflectante-36-EPPVIA0003/seguridad-herramientas-y-tiempo-libre/seguridad-vial-y-senaletica,BLACKSMITH
Cono pvc c/doble cinta reflectante 28,,,,,S/ 23.90  c/IGV,,implementos,,https://api.implementos.com.pe/file/sku/250/EPPVIA0002_1.jpg,https://www.implementos.com.pe/inicio/productos/ficha/cono-pvc-c-doble-cinta-reflectante-28-EPPVIA0002/seguridad-herramientas-y-tiempo-libre/seguridad-vial-y-senaletica,BLACKSMITH
Valvula fluidificadora 3 puertos,,,,,S/ 345.40  c/IGV,,implementos,,https://api.implementos.com.pe/file/sku/250/DIXVAL0049_1.jpg,https://www.implementos.com.pe/inicio/productos/ficha/valvula-fluidificadora-3-puertos-DIXVAL0049/seguridad-herramientas-y-tiempo-libre/seguridad-vial-y-senaletica,Dixon
Multiplicador de torque 1:78 blacksmith,,,,,S/ 199.90  c/IGV,,implementos,,https://api.implementos.com.pe/file/sku/250/BLKHER3000_1.jpg,https://www.implementos.com.pe/inicio/productos/ficha/multiplicador-de-torque-1-78-blacksmith-BLKHER3000,BLACKSMITH
Multiplicador de torque 4578 lb/pie blacksmith,,,,,S/ 149.90  c/IGV,,implementos,,https://api.implementos.com.pe/file/sku/250/HERCAR0013_1.jpg,https://www.implementos.com.pe/inicio/productos/ficha/multiplicador-de-torque-4578-lb-pie-blacksmith-HERCAR0013,BLACKSMITH
Desarmador de trinquete 6 in 1,,,,,S/ 19.90  c/IGV,,implementos,,https://api.implementos.com.pe/file/sku/250/MERSEG0112_1.jpg,https://www.implementos.com.pe/inicio/productos/ficha/desarmador-de-trinquete-6-in-1-MERSEG0112,TACTIX
Set de 3 alicates onsite,,,,,S/ 49.90  c/IGV,,implementos,,https://api.implementos.com.pe/file/sku/250/ONSHER0001_1.jpg,https://www.implementos.com.pe/inicio/productos/ficha/set-de-3-alicates-onsite-ONSHER0001,ONSITE
Juego de 9 llaves onsite,,,,,S/ 59.90  c/IGV,,implementos,,https://api.implementos.com.pe/file/sku/250/ONSHER0004_1.jpg,https://www.implementos.com.pe/inicio/productos/ficha/juego-de-9-llaves-onsite-ONSHER0004,ONSITE
Llave francesa ajustable cromada 12 87-434la stan,,,,,S/ 54.90  c/IGV,,implementos,,https://api.implementos.com.pe/file/sku/250/STASEG0011_1.jpg,https://www.implementos.com.pe/inicio/productos/ficha/llave-francesa-ajustable-cromada-12-87-434la-stan-STASEG0011,STANLEY
Dado encastre 1/2 hexagonal 32mm 06 puntas stanle,,,,,S/ 15.90  c/IGV,,implementos,,https://api.implementos.com.pe/file/sku/250/STASEG0043_1.jpg,https://www.implementos.com.pe/inicio/productos/ficha/dado-encastre-1-2-hexagonal-32mm-06-puntas-stanle-STASEG0043,STANLEY
Gata hidraulica 20tm - blacksmith,,,,,S/ 149.90  c/IGV,,implementos,,https://api.implementos.com.pe/file/sku/250/AVIHER0002_1.jpg,https://www.implementos.com.pe/inicio/productos/ficha/gata-hidraulica-20tm---blacksmith-AVIHER0002,BLACKSMITH
Gata hidraulica 32tm - blacksmith,,,,,S/ 189.90  c/IGV,,implementos,,https://api.implementos.com.pe/file/sku/250/AVIHER0003_1.jpg,https://www.implementos.com.pe/inicio/productos/ficha/gata-hidraulica-32tm---blacksmith-AVIHER0003,BLACKSMITH
Disco tronzadora 14 x 7/64 x 1 dewalt,,,,,S/ 17.90  c/IGV,,implementos,,https://api.implementos.com.pe/file/sku/250/DWEHER0007_1.jpg,https://www.implementos.com.pe/inicio/productos/ficha/disco-tronzadora-14-x-7-64-x-1-dewalt-DWEHER0007,DEWALT
Jug. llave mixta 12pcs 6-22mm kamasa,,,,,S/ 54.90  c/IGV,,implementos,,https://api.implementos.com.pe/file/sku/250/HERKAM0008_1.jpg,https://www.implementos.com.pe/inicio/productos/ficha/jug-llave-mixta-12pcs-6-22mm-kamasa-HERKAM0008,KAMASA
Alicate para mecanico 8,,,,,S/ 12.90  c/IGV,,implementos,,https://api.implementos.com.pe/file/sku/250/MERSEG0005_1.jpg,https://www.implementos.com.pe/inicio/productos/ficha/alicate-para-mecanico-8-MERSEG0005,ONSITE
Jgo de llave combinada metrica/pulgada 20 pc,,,,,S/ 149.90  c/IGV,,implementos,,https://api.implementos.com.pe/file/sku/250/STASEG0085_1.jpg,https://www.implementos.com.pe/inicio/productos/ficha/jgo-de-llave-combinada-metrica-pulgada-20-pc-STASEG0085,STANLEY
Gata botella 2tn safari,,,,,S/ 49.90  c/IGV,,implementos,,https://api.implementos.com.pe/file/sku/250/SAFHER3008_1.jpg,https://www.implementos.com.pe/inicio/productos/ficha/gata-botella-2tn-safari-SAFHER3008,SAFARI
Esmeril industrial 4-1/2 1500w dewalt,,,,,S/ 599.90  c/IGV,,implementos,,https://api.implementos.com.pe/file/sku/250/DWEHER0001_1.jpg,https://www.implementos.com.pe/inicio/productos/ficha/esmeril-industrial-4-1-2-1500w-dewalt-DWEHER0001,DEWALT
Disco corte metal hp 7 x 0.055 x 7/8 dewalt,,,,,S/ 7.90  c/IGV,,implementos,,https://api.implementos.com.pe/file/sku/250/DWEHER0006_1.jpg,https://www.implementos.com.pe/inicio/productos/ficha/disco-corte-metal-hp-7-x-0-055-x-7-8-dewalt-DWEHER0006,DEWALT
Jug. llave mixta 9pcs 8-17mm kamasa,,,,,S/ 36.90  c/IGV,,implementos,,https://api.implementos.com.pe/file/sku/250/HERKAM0009_1.jpg,https://www.implementos.com.pe/inicio/productos/ficha/jug-llave-mixta-9pcs-8-17mm-kamasa-HERKAM0009,KAMASA
Alicate onsite 250mm(10),,,,,S/ 21.90  c/IGV,,implementos,,https://api.implementos.com.pe/file/sku/250/MERSEG0110_1.jpg,https://www.implementos.com.pe/inicio/productos/ficha/alicate-onsite-250mm-10--MERSEG0110,ONSITE
Broca metal hss-g 5.0 x 86 mm,,,,,S/ 13.90  c/IGV,,implementos,,https://api.implementos.com.pe/file/sku/250/BOSHER0015_1.jpg,https://www.implementos.com.pe/inicio/productos/ficha/broca-metal-hss-g-5-0-x-86-mm-BOSHER0015,BOSCH
Engrasadora manual 14oz truper,,,,,S/ 59.90  c/IGV,,implementos,,https://api.implementos.com.pe/file/sku/250/TRUHER3002_1.jpg,https://www.implementos.com.pe/inicio/productos/ficha/engrasadora-manual-14oz-truper-TRUHER3002,TRUPER
Cintillos x100und 3.6x150mm negro,,,,,S/ 12.90  c/IGV,,implementos,,https://api.implementos.com.pe/file/sku/250/MAJHER0041_1.jpg,https://www.implementos.com.pe/inicio/productos/ficha/cintillos-x100und-3-6x150mm-negro-MAJHER0041,Generico
Destornillador - slot. 6x38mm,,,,,S/ 4.90  c/IGV,,implementos,,https://api.implementos.com.pe/file/sku/250/MERSEG0014_1.jpg,https://www.implementos.com.pe/inicio/productos/ficha/destornillador---slot-6x38mm-MERSEG0014,ONSITE
Dado encastre 1/2 hexagonal 24mm 06 puntas stanle,,,,,S/ 11.90  c/IGV,,implementos,,https://api.implementos.com.pe/file/sku/250/STASEG0041_1.jpg,https://www.implementos.com.pe/inicio/productos/ficha/dado-encastre-1-2-hexagonal-24mm-06-puntas-stanle-STASEG0041,STANLEY
Gata hidraulica 12tm - blacksmith,,,,,S/ 89.90  c/IGV,,implementos,,https://api.implementos.com.pe/file/sku/250/AVIHER0001_1.jpg,https://www.implementos.com.pe/inicio/productos/ficha/gata-hidraulica-12tm---blacksmith-AVIHER0001,BLACKSMITH
Disco abrasivo desbaste expert for metal 115x6,,,,,S/ 6.90  c/IGV,,implementos,,https://api.implementos.com.pe/file/sku/250/BOSHER0026_1.jpg,https://www.implementos.com.pe/inicio/productos/ficha/disco-abrasivo-desbaste-expert-for-metal-115x6-BOSHER0026,BOSCH
Disco corte metal hp 4-1/2 x 0.045 x 7/8 dewalt,,,,,S/ 3.90  c/IGV,,implementos,,https://api.implementos.com.pe/file/sku/250/DWEHER0005_1.jpg,https://www.implementos.com.pe/inicio/productos/ficha/disco-corte-metal-hp-4-1-2-x-0-045-x-7-8-dewalt-DWEHER0005,DEWALT
Disco corte metal 4-1/2 x 1/8 dewalt,,,,,S/ 3.90  c/IGV,,implementos,,https://api.implementos.com.pe/file/sku/250/DWEHER0020_1.jpg,https://www.implementos.com.pe/inicio/productos/ficha/disco-corte-metal-4-1-2-x-1-8-dewalt-DWEHER0020,DEWALT
Disco corte inox 4-1/2 x 3/64 dewalt,,,,,S/ 3.50  c/IGV,,implementos,,https://api.implementos.com.pe/file/sku/250/DWEHER0022_1.jpg,https://www.implementos.com.pe/inicio/productos/ficha/disco-corte-inox-4-1-2-x-3-64-dewalt-DWEHER0022,DEWALT
Disco desbaste 4-1/2 x 1/4 dewalt,,,,,S/ 4.70  c/IGV,,implementos,,https://api.implementos.com.pe/file/sku/250/DWEHER0025_1.jpg,https://www.implementos.com.pe/inicio/productos/ficha/disco-desbaste-4-1-2-x-1-4-dewalt-DWEHER0025,DEWALT
Disco desbaste 7 x 1/4 dewalt,,,,,S/ 9.40  c/IGV,,implementos,,https://api.implementos.com.pe/file/sku/250/DWEHER0026_1.jpg,https://www.implementos.com.pe/inicio/productos/ficha/disco-desbaste-7-x-1-4-dewalt-DWEHER0026,DEWALT
Wincha global plus 3/4x5mt stanley 30-615,,,,,S/ 19.90  c/IGV,,implementos,,https://api.implementos.com.pe/file/sku/250/STASEG0002_1.jpg,https://www.implementos.com.pe/inicio/productos/ficha/wincha-global-plus-3-4x5mt-stanley-30-615-STASEG0002,STANLEY
Atornillador 12V Mp + Set 50 piezas Black & Decker,,,,,S/ 139.90,,promart,,https://promart.vteximg.com.br/arquivos/ids/7920217-275-275/73039.jpg?v=638479459070870000,https://www.promart.pe/atornillador-12v-set-de-30-piezas-73039/p,black---decker
Taladro Percutor Einhell TAL720&LCASEKWB 720W + Set Box 40 Piezas,,,,,S/ 179.90,,promart,,https://promart.vteximg.com.br/arquivos/ids/8496402-275-275/159064.jpg?v=638702388392930000,https://www.promart.pe/taladro-percutor-einhell-tal720-lcasekwb-720w-set-box-40-piezas--159064/p,einhell
Taladro Percutor Werken KF-CD2110-34PZ-BMC 20V 1.5 Ah + 37 Accesorios,,,,,S/ 169.90,,promart,,https://promart.vteximg.com.br/arquivos/ids/8494057-275-275/155192.jpg?v=638701471511970000,https://www.promart.pe/taladro-percutor-werken-kf-cd2110-34pz-bmc-20v-1-5-ah-37-accesorios-155192/p,werken
Taladro percutor 18V TE-CD18/40 LI-I 64 + 1x2 0Ah + accesorios Einhell,,,,,S/ 399.00,,promart,,https://promart.vteximg.com.br/arquivos/ids/8498093-275-275/149593.jpg?v=638703017278070000,https://www.promart.pe/taladro-percutor-einhell-te-cd18-40-li-64-1x2-0ah--18v-negro-149593/p,einhell
Pulidora Orbital KP12K 240mm 120W + Hidrolavadora PW1450TD 1400W Black & Decker,,,,,S/ 349.90,,promart,,https://promart.vteximg.com.br/arquivos/ids/8045485-275-275/158961.jpg?v=638561507233100000,https://www.promart.pe/pulidora-orbital-kp12k-240mm-120w-hidrolavadora-pw1450td-1400w-black-decker/p,black---decker
Taladro Percutor Inalámbrico GSB 183-LI + Batería + Cargador + Maletín Bosch,,,,,S/ 399.00,,promart,,https://promart.vteximg.com.br/arquivos/ids/8496262-275-275/158997.jpg?v=638702384333130000,https://www.promart.pe/taladro-percutor-inalambrico-gsb-183-li-bateria-cargador-maletin-bosch/p,bosch
Taladro Percutor 20v + Esmeril Angular 20v + Bateria 5.0Ah + Cargador Dewalt,,,,,"S/ 1,399.00",,promart,,https://promart.vteximg.com.br/arquivos/ids/8497049-275-275/160569.jpg?v=638702399600570000,https://www.promart.pe/taladro-percutor-20v-esmeril-angular-20v-bateria-5-0ah-cargador-dewalt-160569/p,dewalt
Set Bosch V-LINE: 41 Piezas brocas + Puntas,,,,,S/ 89.90,,promart,,https://promart.vteximg.com.br/arquivos/ids/8096287-275-275/103353.jpg?v=638586047187800000,https://www.promart.pe/set-de-brocas-p-metal-madera-y-piedra-x-line-x-40-piezas/p,bosch
"COMBO Caja de herramientas 18"" y 12"" Rimax",,,,,S/ 34.90,,promart,,https://promart.vteximg.com.br/arquivos/ids/8380391-275-275/15700.jpg?v=638665224029100000,https://www.promart.pe/combo-caja-de-herramientas-18--y-12--15700/p,rimax
Pistola para drywall 40088/RS22 Ramset,,,,,S/ 534.90,,promart,,https://promart.vteximg.com.br/arquivos/ids/797783-275-275/13855.jpg?v=637508185441800000,https://www.promart.pe/pistola-para-drywall-40088-rs22/p,ramset
Zapatilla Seguridad Condor talla 41 Werken,,,,,S/ 62.91,,promart,,https://promart.vteximg.com.br/arquivos/ids/8492105-275-275/148770.jpg?v=638700504542900000,https://www.promart.pe/zapatilla-seguridad-condor-talla-41-werken/p,werken
Atornillador 12V GSR 120 + 1 Batería Bosch,,,,,S/ 299.00,,promart,,https://promart.vteximg.com.br/arquivos/ids/8094904-275-275/132088.jpg?v=638581290967930000,https://www.promart.pe/atornillador-gsr-120-1-bateria-bosch/p,bosch
Compresora 2HP 24 litros Werken,,,,,S/ 299.00,,promart,,https://promart.vteximg.com.br/arquivos/ids/8495295-275-275/26806.jpg?v=638702276642500000,https://www.promart.pe/compresora-2hp-24-l-werken/p,werken
Brocas y puntas para madera y concreto Xline x34 piezas Bosch,,,,,S/ 39.90,,promart,,https://promart.vteximg.com.br/arquivos/ids/559444-275-275/14389.jpg?v=637381440283700000,https://www.promart.pe/kit-p-taladrar-metal-concreto-y-madera-x-line-x-34-piezas/p,bosch
Zapatilla Seguridad Condor talla 40 Werken,,,,,S/ 62.91,,promart,,https://promart.vteximg.com.br/arquivos/ids/8492669-275-275/148769.jpg?v=638700665859530000,https://www.promart.pe/zapatilla-seguridad-condor-talla-40-werken/p,werken
Escalera Telescópica Aluminio 24 pasos Jumbor,,,,,S/ 669.00,,promart,,https://promart.vteximg.com.br/arquivos/ids/8103401-275-275/65282.jpg?v=638597104680800000,https://www.promart.pe/escalera-telescopica-aluminio-ch-24-pasos/p,jumbor
Atornillador + Set 50 Piezas + Sierra Circular + Lijadora + Cepillo Black&Decker,,,,,S/ 599.90,,promart,,https://promart.vteximg.com.br/arquivos/ids/8378184-275-275/160572.jpg?v=638664191924500000,https://www.promart.pe/atornillador-set-50-piezas-sierra-circular-lijadora-cepillo-black-decker-160572/p,black---decker
"Taladro percutor inalámbrico 1/2"" 18V Bosch GSB185-LI + Llave impacto GDR18V-200",,,,,S/ 799.00,,promart,,https://promart.vteximg.com.br/arquivos/ids/8494063-275-275/154895.jpg?v=638701471661930000,https://www.promart.pe/taladro-gsb-185-li-llave-impacto-bosch-gdr-18v-200/p,bosch
Soldadora inversora 200A LHN242I Esab,,,,,"S/ 1,699.00",,promart,,https://promart.vteximg.com.br/arquivos/ids/1844025-275-275/131262.jpg?v=637656778430630000,https://www.promart.pe/soldadora-inversora-200a-lhn242i/p,esab
Pistola de pintura Einhell TC-SY 700S 700W 1000ml,,,,,S/ 413.00,,promart,,https://promart.vteximg.com.br/arquivos/ids/8478077-275-275/112491.jpg?v=638687648249900000,https://www.promart.pe/pistola-para-pintar-einhell-tc-sy-700s-1000ml-700w/p,einhell
"Taladro Percutor Dcd796 1/2"" + Atornillador de Impacto DCF 887 1/4"" 20V Dewalt",,,,,"S/ 1,399.00",,promart,,https://promart.vteximg.com.br/arquivos/ids/7920413-275-275/107521.jpg?v=638479470663300000,https://www.promart.pe/taladro-percutor-dcd796---atornillador-dcf887/p,dewalt
Taladro Percutor + Atornillador de Impacto + Bateria 5.0Ah + Cargador Dewalt,,,,,"S/ 1,299.00",,promart,,https://promart.vteximg.com.br/arquivos/ids/8496302-275-275/160568.jpg?v=638702385040570000,https://www.promart.pe/taladro-percutor-atornillador-de-impacto-bateria-5-0ah-cargador-dewalt-160568/p,dewalt
COMBO Taladro Percutor 20V DCD796 + Atornillador de Impacto DCF887 Dewalt + Taladro Percutor 20V Max SCD711C2K-B2 Stanley,,,,,"S/ 1,399.00",,promart,,https://promart.vteximg.com.br/arquivos/ids/8218110-275-275/9904154.jpg?v=638641085733770000,https://www.promart.pe/combo-taladro-percutor-20v-dcd796-atornillador-de-impacto-dcf887-dewalt-taladro-percutor-20v-max-scd711c2k-b2-stanley/p,dewalt
"Amoladora BDEG820-B2C 4 1/2"" 820W + 2 Discos Black & Decker",,,,,S/ 119.00,,promart,,https://promart.vteximg.com.br/arquivos/ids/8117531-275-275/158103.jpg?v=638610803214270000,https://www.promart.pe/amoladora-bdeg820-b2c-4-1-2-820w-black-decker/p,black---decker
"Amoladora Angular 4-1/2"" 1500W DWE4336 Dewalt",,,,,S/ 549.00,,promart,,https://promart.vteximg.com.br/arquivos/ids/1977692-275-275/107795.jpg?v=637668983453000000,https://www.promart.pe/amoladora-4-1-2--1500w-dwe4336/p,dewalt
"Sierra Ingleteadora 10"" 1600W DWS713 Dewalt",,,,,"S/ 1,499.00",,promart,,https://promart.vteximg.com.br/arquivos/ids/8491738-275-275/18663.jpg?v=638700429050900000,https://www.promart.pe/ingleteadora-dw713/p,dewalt
"Taladro Percutor 1/2"" 20V + Atornillador Impacto 1/4"" 20V DCK222D2 Dewalt",,,,,S/ 699.00,,promart,,https://promart.vteximg.com.br/arquivos/ids/8498410-275-275/132421.jpg?v=638703024247270000,https://www.promart.pe/taladro-per-dcd716---atornillador-dcf885---2-bat-2-ah/p,dewalt
Cargador + batería 4.0 Ah 18v Starter Einhell,,,,,S/ 159.00,,promart,,https://promart.vteximg.com.br/arquivos/ids/8477561-275-275/129594.jpg?v=638687548319100000,https://www.promart.pe/cargador-bateria-4-0-ah-18v-starter/p,einhell
